{
  "mean": [
    0.5025618076324463,
    0.3930822014808655,
    0.020163830369710922,
    0.007561436854302883,
    0.029930686578154564,
    0.0,
    0.007246376946568489,
    0.3219911754131317,
    0.23188406229019165,
    0.33616888523101807,
    0.04568367823958397,
    0.008191556669771671,
    0.18620038032531738,
    0.25992438197135925,
    0.23188406229019165,
    0.09262759983539581,
    0.010396975092589855,
    0.0,
    0.2573870122432709,
    0.4743211269378662,
    1.2843847274780273,
    0.6878857612609863,
    1.1143275499343872,
    59.5330810546875
  ],
  "std": [
    0.1751193255186081,
    0.21045072376728058,
    0.14056144654750824,
    0.08662737905979156,
    0.17039458453655243,
    0.0,
    0.08481790870428085,
    0.46724191308021545,
    0.4220365881919861,
    0.47240057587623596,
    0.2088005095720291,
    0.09013494849205017,
    0.3892653286457062,
    0.4385962188243866,
    0.4220365881919861,
    0.28990596532821655,
    0.10143603384494781,
    0.0,
    0.2754991352558136,
    1.0887670516967773,
    0.5176298022270203,
    1.5310834646224976,
    2.865206480026245,
    5.1377787590026855
  ]
}